batter,sr_dth,sr_mid,sr_pp,runs,career_sr,matches,sr_pp_n,sr_mid_n,sr_dth_n,career_sr_n,perf_score,sr_best,sr_worst,phase_gap
A Badoni,164.53,126.23,,1177,141.13,56,,42.38410596026492,56.81198910081744,39.7932639649507,46.53,164.53,126.23,38.3
A Mishra,104.44,,,380,91.13,55,,,11.33060853769301,5.565443592552022,7.58,104.44,104.44,0.0
A Raghuvanshi,,141.34,,885,146.04,30,,60.253074739829714,,43.15443592552025,48.28,141.34,141.34,0.0
A Symonds,160.44,126.61,,973,130.6,36,,42.833491012298964,53.71631849833484,32.584884994523534,43.06,160.44,126.61,33.8
AB de Villiers,221.59,131.32,120.68,5148,151.41,170,29.071009076348105,48.4035004730369,99.99999999999999,46.83050383351588,59.7,221.59,120.68,100.9
AC Gilchrist,,143.76,133.72,2046,137.96,80,37.77362520021356,63.114947965941326,,37.62322015334064,45.32,143.76,133.72,10.0
AD Mathews,154.38,,,722,126.0,41,,,49.129579170451095,29.43592552026287,36.33,154.38,154.38,0.0
AD Russell,195.72,153.06,,2632,174.54,114,,74.11305581835384,80.4193157735392,62.6642935377875,72.31,195.72,153.06,42.7
AJ Finch,158.43,136.47,114.3,2083,128.11,90,24.813134009610238,54.4938505203406,52.194974265818956,30.880339539978095,43.3,158.43,114.3,44.1
AK Markram,,128.32,129.6,1664,135.5,66,35.02402562733582,44.85572374645221,,35.93921139101862,38.29,129.6,128.32,1.3
AM Nayar,157.44,96.74,,664,115.88,50,,7.509460737937545,51.44565546472903,22.508214676889367,28.14,157.44,96.74,60.7
AM Rahane,158.26,122.82,123.18,5365,125.67,197,30.739455419113725,38.351466414380326,52.06630336058129,29.210021905805036,40.49,158.26,122.82,35.4
AR Patel,153.68,119.47,,2075,133.35,134,,34.389782403027425,48.59975779594309,34.467415115005466,39.39,153.68,119.47,34.2
AT Rayudu,169.08,120.9,106.04,4325,127.54,185,19.300587293112656,36.08088930936614,60.25582803511959,30.490142387732746,38.67,169.08,106.04,63.0
Abdul Samad,169.66,,,854,148.52,58,,,60.69482288828338,44.85213581599123,50.4,169.66,169.66,0.0
Abhishek Sharma,,174.95,172.16,2371,171.44,89,63.42765616657768,100.0,,60.542168674698786,73.39,174.95,172.16,2.8
Abishek Porel,,,147.49,768,145.45,33,46.96342765616657,,,42.75054764512595,44.23,147.49,147.49,0.0
Ashutosh Sharma,193.4,,,557,169.82,26,,,78.66333636088406,59.43318729463307,66.16,193.4,193.4,0.0
B Kumar,97.23,,,354,94.15,75,,,5.8734483802603705,7.632803943044905,7.02,97.23,97.23,0.0
B Sai Sudharsan,,147.74,139.04,2496,149.1,57,41.324079017618786,67.82166508987703,,45.24917853231105,50.65,147.74,139.04,8.7
BA Stokes,,125.45,,934,134.39,43,,41.4616840113529,,35.17935377875135,37.06,125.45,125.45,0.0
BB McCullum,,131.13,127.12,2857,131.3,109,33.368926855312324,48.17880794701986,,33.06407447973713,37.71,131.13,127.12,4.0
BJ Hodge,164.4,111.0,,1399,125.81,63,,24.37322611163671,56.713593702694524,29.30585980284775,37.42,164.4,111.0,53.4
C Green,,139.39,,1021,150.81,42,,57.94701986754964,,46.4197699890471,49.88,139.39,139.39,0.0
CA Lynn,,137.3,143.95,1317,139.96,42,44.600907634810454,55.475402081362375,,38.99233296823658,45.9,143.95,137.3,6.6
CA Pujara,,,94.3,390,100.0,22,11.465563267485308,,,11.637458926615551,11.58,94.3,94.3,0.0
CH Gayle,201.07,155.88,135.33,4956,148.78,141,38.84810464495462,77.44796594134343,84.46866485013622,45.03012048192771,66.4,201.07,135.33,65.7
CH Morris,165.99,,,612,154.16,49,,,57.91704511050561,48.713033953997794,51.93,165.99,165.99,0.0
CL White,186.98,110.47,,962,127.08,45,,23.746452223273423,73.80411746896759,30.17524644030668,43.52,186.98,110.47,76.5
D Brevis,,144.63,,606,146.02,24,,64.1438032166509,,43.1407447973713,49.44,144.63,144.63,0.0
D Padikkal,,131.71,133.62,2266,133.29,89,37.706887346502924,48.86471144749291,,34.42634173055859,39.91,133.62,131.71,1.9
DA Miller,174.22,121.97,,3273,139.34,143,,37.346263008514654,64.14623069936421,38.56790799561884,47.15,174.22,121.97,52.2
DA Warner,178.41,134.45,138.22,6537,139.68,184,40.77682861719167,52.1050141911069,67.31759006963365,38.800657174151155,53.46,178.41,134.45,44.0
DJ Bravo,173.64,92.46,,1546,129.26,110,,2.447965941343412,63.70723584620042,31.667579408543247,34.12,173.64,92.46,81.2
DJ Hooda,143.17,125.73,,1480,126.82,101,,41.79280983916746,40.64486830154404,29.9972617743702,37.26,143.17,125.73,17.4
DJ Hussey,176.42,107.16,,1316,122.99,61,,19.832071901608316,65.81138359067513,27.37541073384446,38.56,176.42,107.16,69.3
DP Conway,,152.49,126.16,1079,140.13,28,32.72824345969033,73.43897824030276,,39.108707557502726,47.17,152.49,126.16,26.3
DPMD Jayawardene,158.97,113.2,121.96,1806,123.53,78,29.925253603844084,26.974929044465483,52.603693611867996,27.745071193866366,36.98,158.97,113.2,45.8
DR Smith,,148.59,124.64,2379,135.56,88,31.71382808328883,68.82686849574267,,35.98028477546549,44.34,148.59,124.64,24.0
DT Christian,137.27,,,452,114.72,41,,,36.179231002119295,21.71412924424972,26.78,137.27,137.27,0.0
Dhruv Jurel,173.84,138.71,,1195,154.19,51,,57.14285714285717,63.858613381774134,48.73357064622124,56.55,173.84,138.71,35.1
E Lewis,,,146.85,654,137.11,26,46.53630539241857,,,37.04134720700986,40.36,146.85,146.85,0.0
EJG Morgan,164.33,111.39,,1406,122.58,74,,24.83443708609272,56.66061156524373,27.09474260679079,36.76,164.33,111.39,52.9
F du Plessis,180.57,126.15,136.29,4763,135.85,147,39.48878804057661,42.28949858088933,68.95246745382984,36.1788061336254,50.64,180.57,126.15,54.4
G Gambhir,144.86,123.61,121.59,4197,123.66,151,29.67832354511478,39.28571428571428,41.92400847714201,27.834063526834598,36.85,144.86,121.59,23.3
GC Smith,,,96.89,731,110.09,29,13.194073678590485,,,18.54463307776561,16.67,96.89,96.89,0.0
GJ Bailey,175.14,,,660,122.0,36,,,64.84256736300331,26.69769989047097,40.05,175.14,175.14,0.0
GJ Maxwell,178.4,152.71,140.13,2812,155.36,134,42.05152162306459,73.69914853358563,67.31002119285499,49.53450164293538,60.39,178.4,140.13,38.3
Gurkeerat Singh,154.94,,,511,121.09,32,,,49.55343627005752,26.07475355969332,34.29,154.94,154.94,0.0
H Klaasen,193.18,158.15,,2095,167.2,60,,80.13245033112585,78.49682107175296,57.63964950711937,71.69,193.18,158.15,35.0
HH Gibbs,,106.69,107.45,886,110.06,36,20.24159103043246,19.27625354777672,,18.524096385542165,19.35,107.45,106.69,0.8
HH Pandya,169.07,134.07,,2951,146.45,150,,51.65562913907283,60.2482591583409,43.43510405257392,51.79,169.07,134.07,35.0
HV Patel,131.48,,,280,117.65,44,,,31.79685134726006,23.71987951807229,26.55,131.48,131.48,0.0
Harbhajan Singh,150.61,,,824,137.56,88,,,46.27611262488648,37.34939759036145,40.47,150.61,150.61,0.0
IK Pathan,150.11,90.39,,1149,121.33,82,,0.0,45.89766878595218,26.23904709748082,25.25,150.11,90.39,59.7
Ishan Kishan,189.95,140.37,138.06,3591,143.7,127,40.67004805125467,59.10596026490066,76.05207387223736,41.55257393209199,58.58,189.95,138.06,51.9
JA Morkel,155.69,,,967,141.58,67,,,50.12110202845898,40.10131434830231,43.61,155.69,155.69,0.0
JC Archer,152.76,,,309,141.1,40,,,47.90342113230396,39.772727272727266,42.62,152.76,152.76,0.0
JC Buttler,192.96,143.54,141.87,4623,149.42,136,43.21276027762947,62.85477767265846,78.33030578262186,45.4682365826944,61.4,192.96,141.87,51.1
JD Ryder,,,133.75,596,130.99,29,37.793646556326735,,,32.85186199342826,34.58,133.75,133.75,0.0
JH Kallis,172.81,98.51,105.64,2419,109.31,95,19.033635878270147,9.602649006622514,63.079019073569484,18.01067907995619,31.62,172.81,98.51,74.3
JJ Roy,,,131.94,614,139.23,21,36.585691404164436,,,38.492606790799556,37.83,131.94,131.94,0.0
JM Bairstow,,140.73,151.52,1672,146.41,52,49.65296316070474,59.53169347209081,,43.40772179627601,50.43,151.52,140.73,10.8
JM Sharma,183.14,138.72,,1100,152.14,59,,57.1546830652791,70.89766878595215,47.33023001095289,58.53,183.14,138.72,44.4
JO Holder,131.98,,,324,124.14,34,,,32.17529518619436,28.16265060240964,29.57,131.98,131.98,0.0
JP Duminy,170.54,104.0,98.33,2026,124.22,75,14.155098772023479,16.095080416272467,61.36088404480775,28.217415115005466,31.26,170.54,98.33,72.2
JP Faulkner,156.27,,,524,136.1,45,,,50.56009688162277,36.3499452354874,41.32,156.27,156.27,0.0
KA Pollard,170.0,124.49,,3411,147.34,168,,40.32639545884578,60.95216469875869,44.04435925520262,48.85,170.0,124.49,45.5
KC Sangakkara,,118.89,116.78,1680,121.3,68,26.46823278163373,33.70387890255441,,26.21851040525739,28.55,118.89,116.78,2.1
KD Karthik,173.33,122.28,98.02,4824,135.13,233,13.94821142552054,37.712866603595074,63.472600666061155,35.685925520262856,38.41,173.33,98.02,75.3
KH Pandya,158.25,121.72,,1969,133.4,123,,37.050614947965926,52.05873448380261,34.50164293537787,41.41,158.25,121.72,36.5
KK Nair,,123.23,127.33,1707,131.21,78,33.50907634810464,38.83632923368023,,33.00246440306681,34.93,127.33,123.23,4.1
KL Rahul,180.48,138.73,129.01,5818,139.35,149,34.63027229044313,57.166508987701036,68.88434756282167,38.574753559693306,53.38,180.48,129.01,51.5
KM Jadhav,137.66,117.21,,1191,122.91,81,,31.71712393566696,36.474417196488034,27.320646221248623,31.84,137.66,117.21,20.5
KP Pietersen,,127.89,133.45,1000,134.77,36,37.59343299519486,44.34720908230841,,35.439485213581605,38.87,133.45,127.89,5.6
KS Williamson,166.18,126.79,100.63,2128,125.77,76,15.690069407367844,43.04635761589404,58.060853769300635,29.278477546549823,38.73,166.18,100.63,65.6
KV Sharma,137.02,,,352,119.32,40,,,35.99000908265215,24.863088718510397,28.76,137.02,137.02,0.0
Kuldeep Yadav,89.47,,,210,83.0,41,,,0.0,0.0,0.0,89.47,89.47,0.0
LMP Simmons,,135.11,118.86,1079,127.24,29,27.85638013881473,52.885525070955566,,30.284775465498342,36.22,135.11,118.86,16.3
LR Shukla,133.54,,,405,115.71,33,,,33.35603996366939,22.39184008762321,26.23,133.54,133.54,0.0
LRPL Taylor,155.61,109.78,,1010,123.47,54,,22.930463576158928,50.0605510142295,27.70399780941949,34.1,155.61,109.78,45.8
LS Livingstone,,138.72,,1050,154.41,49,,57.1546830652791,,48.88417305585979,51.37,138.72,138.72,0.0
M Manhas,131.89,,,514,109.36,38,,,32.10717529518618,18.044906900328584,22.97,131.89,131.89,0.0
M Shahrukh Khan,166.53,,,775,148.18,53,,,58.32576445655465,44.61938663745893,49.42,166.53,166.53,0.0
M Vijay,,131.05,114.56,2619,121.98,105,24.986652429257873,48.0842005676443,,26.68400876232201,32.51,131.05,114.56,16.5
M Vohra,,,127.96,1083,130.8,51,33.92952482648157,,,32.72179627601315,33.14,127.96,127.96,0.0
MA Agarwal,,139.82,121.91,2746,133.76,125,29.89188467698878,58.45553453169347,,34.74808324205914,40.16,139.82,121.91,17.9
MC Henriques,165.84,113.51,,996,126.88,54,,27.341532639545903,57.80351195882531,30.038335158817077,38.95,165.84,113.51,52.3
MEK Hussey,,125.28,108.09,1976,122.73,58,20.66871329418045,41.26064333017976,,27.197426067907998,29.13,125.28,108.09,17.2
MK Pandey,150.86,118.05,114.85,4002,121.72,162,25.18019220501867,32.7105014191107,46.465334544353624,26.50602409638553,34.89,150.86,114.85,36.0
MK Tiwary,144.74,107.94,97.38,1685,116.69,83,13.52108916177255,20.754493850520333,41.83318195579777,23.06270536692223,25.6,144.74,97.38,47.4
ML Hayden,,,129.76,1096,137.17,32,35.130806193272804,,,37.082420591456724,36.4,129.76,129.76,0.0
MM Ali,,135.33,,1165,140.19,59,,53.145695364238435,,39.149780941949615,43.35,135.33,135.33,0.0
MP Stoinis,181.72,129.48,126.1,2228,147.45,108,32.68820074746395,46.227530747398276,69.82288828337873,44.11966046002189,49.75,181.72,126.1,55.6
MR Marsh,,139.82,156.37,1847,148.35,62,52.889749065670046,58.45553453169347,,44.735761226725074,51.71,156.37,139.82,16.6
MS Bisla,,,109.47,794,113.43,39,21.589695675387077,,,20.83105147864184,21.1,109.47,109.47,0.0
MS Dhoni,175.17,100.53,,5409,137.46,241,,11.991485335856197,64.86527399333939,37.28094194961665,39.35,175.17,100.53,74.6
Mandeep Singh,149.64,118.43,114.67,1705,123.1,97,25.060064068339557,33.159886471144745,45.54193157735391,27.450711938663744,34.66,149.64,114.67,35.0
N Pooran,178.0,158.84,,2522,163.98,100,,80.94843897824032,67.00726612170753,55.43537787513689,67.14,178.0,158.84,19.2
N Rana,182.16,137.58,121.0,3063,137.48,121,29.284570208222092,55.806527909176936,70.15591886164093,37.294633077765596,51.55,182.16,121.0,61.2
N Wadhera,,137.8,,783,140.57,37,,56.066698202459804,,39.40991237677984,44.41,137.8,137.8,0.0
NLTC Perera,152.3,,,421,137.58,30,,,47.55525280048441,37.36308871851041,40.93,152.3,152.3,0.0
NV Ojha,138.36,120.56,102.7,1543,117.97,94,17.071542979177778,35.67880794701986,37.00423857099608,23.938937568455643,29.63,138.36,102.7,35.7
Nithish Kumar Reddy,,141.25,,786,145.56,35,,60.14664143803216,,42.82584884994523,48.02,141.25,141.25,0.0
OA Shah,157.31,,,505,130.15,22,,,51.34726006660611,32.276834611171964,38.95,157.31,157.31,0.0
P Kumar,112.74,,,338,108.33,57,,,17.61277626400242,17.33981380065717,17.44,112.74,112.74,0.0
P Negi,141.44,,,364,126.39,35,,,39.33545261883137,29.70290251916758,33.07,141.44,141.44,0.0
P Simran Singh,,162.15,151.54,1848,156.08,65,49.666310731446856,84.8628192999054,,50.027382256297926,60.35,162.15,151.54,10.6
PA Patel,,117.83,121.72,2841,120.89,136,29.76508275493859,32.4503311258278,,25.937842278203718,29.23,121.72,117.83,3.9
PC Valthaty,,,111.68,499,120.53,23,23.064602242391885,,,25.691401971522453,24.77,111.68,111.68,0.0
PD Salt,,,172.73,1253,175.24,40,63.80806193272822,,,63.143483023001096,63.38,172.73,172.73,0.0
PJ Cummins,164.62,,,637,152.03,51,,,56.88010899182562,47.25492880613362,50.62,164.62,164.62,0.0
PP Chawla,121.83,,,623,111.05,86,,,24.492885255828043,19.201807228915655,21.05,121.83,121.83,0.0
PP Shaw,,151.03,146.67,1890,147.77,79,46.41617725573944,71.71239356669821,,44.33871851040526,53.28,151.03,146.67,4.4
Priyansh Arya,,,192.07,909,193.82,31,76.71516284036305,,,75.86254107338442,76.16,192.07,192.07,0.0
Q de Kock,,133.62,130.24,3436,134.96,118,35.45114789108382,51.12346263008516,,35.56955093099671,40.19,133.62,130.24,3.4
R Ashwin,133.8,,,832,118.35,93,,,33.55283075991524,24.199069003285857,27.47,133.8,133.8,0.0
R Bhatia,145.93,,,342,120.42,47,,,42.7338782924614,25.61610076670317,31.61,145.93,145.93,0.0
R Dravid,,114.84,109.17,2173,115.71,82,21.389482114255202,28.914380321665107,,22.39184008762321,24.0,114.84,109.17,5.7
R Parag,161.47,138.29,,1873,144.52,86,,56.64616840113527,54.49591280653951,42.11391018619935,50.81,161.47,138.29,23.2
R Powell,188.89,,,555,142.67,30,,,75.24977293369663,40.84748083242057,52.89,188.89,188.89,0.0
R Tewatia,166.42,101.03,,1299,138.49,91,,12.58278145695364,58.24250681198909,37.98603504928806,37.45,166.42,101.03,65.4
R Vinay Kumar,115.93,,,310,113.14,42,,,20.027247956403272,20.63253012048193,20.42,115.93,115.93,0.0
RA Jadeja,150.32,110.55,,3509,130.69,205,,23.84105960264901,46.05661519830457,32.646495071193854,34.7,150.32,110.55,39.8
RA Tripathi,,134.9,138.0,2268,137.04,98,40.63000533902829,52.6371807000946,,36.99342825848849,42.96,138.0,134.9,3.1
RD Gaikwad,173.81,137.53,128.4,2827,135.72,84,34.22317138280833,55.74739829706718,63.83590675143809,36.08981380065717,51.04,173.81,128.4,45.4
RD Rickelton,,,161.99,836,168.89,26,56.64041644420715,,,58.79654983570644,58.04,161.99,161.99,0.0
RG Sharma,180.53,122.31,126.1,7286,132.57,275,32.68820074746395,37.748344370860934,68.9221919467151,33.933461117196046,46.89,180.53,122.31,58.2
RK Singh,189.29,110.81,,1382,145.78,62,,24.148533585619674,75.55252800484406,42.97645125958378,48.73,189.29,110.81,78.5
RM Patidar,,172.14,,1610,164.62,52,,96.67691579943235,,55.873493975903614,68.11,172.14,172.14,0.0
RR Pant,201.86,135.82,118.98,3863,146.66,136,27.936465563267475,53.7251655629139,85.06660611565245,43.578860898138004,55.67,201.86,118.98,82.9
RV Uthappa,174.92,128.21,124.51,4942,130.6,197,31.62706887346502,44.72563859981079,64.67605207387221,32.584884994523534,47.12,174.92,124.51,50.4
Rashid Khan,166.14,,,626,156.5,72,,,58.030578262185884,50.314895947426066,53.02,166.14,166.14,0.0
S Badrinath,152.36,120.09,77.12,1438,119.04,65,0.0,35.122989593188265,47.60066606115653,24.67141292442497,27.2,152.36,77.12,75.2
S Dhawan,158.37,126.48,122.66,6736,127.0,221,30.392418579818468,42.67975402081362,52.149561005146836,30.12048192771084,41.69,158.37,122.66,35.7
S Dube,166.0,137.88,,2114,144.79,87,,56.16130558183539,57.92461398728429,42.29874041621028,51.93,166.0,137.88,28.1
SA Yadav,177.54,144.3,140.86,4562,148.5,164,42.53870795515216,63.753547776726606,66.65909778988798,44.83844468784227,57.35,177.54,140.86,36.7
SC Ganguly,,98.75,102.32,1343,106.84,56,16.81793913507741,9.886471144749294,,16.319824753559686,14.56,102.32,98.75,3.6
SE Marsh,156.79,149.12,105.18,2473,132.53,69,18.726641751201285,69.45364238410596,50.95367847411444,33.906078860898134,45.22,156.79,105.18,51.6
SE Rutherford,162.58,,,519,143.37,27,,,55.336058128973676,41.32667031763417,46.23,162.58,162.58,0.0
SK Raina,170.44,131.42,133.13,5513,136.97,200,37.37987186332086,48.521759697256385,61.28519527702089,36.945509309967136,49.09,170.44,131.42,39.0
SM Curran,181.45,111.78,,986,136.0,53,,25.29564806054873,69.6185286103542,36.281489594742595,44.65,181.45,111.78,69.7
SN Khan,168.54,,,735,136.62,43,,,59.84710868907054,36.70591456736035,44.81,168.54,168.54,0.0
SN Thakur,138.1,,,348,132.82,42,,,36.80744777475023,34.10460021905804,35.05,138.1,138.1,0.0
SO Hetmyer,172.88,127.14,,1564,149.81,85,,43.46026490066225,63.13200121102027,45.73521358159911,51.14,172.88,127.14,45.7
SP Narine,,,170.35,1818,165.42,122,62.219701014415364,,,56.42113910186198,58.45,170.35,170.35,0.0
SPD Smith,159.39,116.96,122.22,2461,127.45,93,30.09877202349172,31.42147587511826,52.921586436572795,30.428532311062426,38.48,159.39,116.96,42.4
SR Tendulkar,,116.79,116.68,2331,120.09,78,26.40149492792311,31.22043519394512,,25.39019715224535,27.49,116.79,116.68,0.1
SR Watson,185.12,153.38,112.89,3864,137.95,141,23.872130272290434,74.4914853358562,72.396306388132,37.616374589266144,56.04,185.12,112.89,72.2
SS Iyer,186.14,136.75,113.31,4223,136.89,144,24.152429257875056,54.82497634815516,73.16833181955796,36.89074479737128,50.51,186.14,113.31,72.8
SS Tiwary,144.87,113.74,,1489,120.57,73,,27.613528855250706,41.93157735392069,25.718784227820365,31.96,144.87,113.74,31.1
ST Jayasuriya,,,139.29,760,143.67,30,41.49092365189534,,,41.53203723986856,41.52,139.29,139.29,0.0
STR Binny,151.15,117.72,,879,128.89,66,,32.32024597918638,46.68483197093552,31.4142935377875,37.03,151.15,117.72,33.4
SV Samson,192.76,138.92,127.57,5169,141.5,185,33.66924719701014,57.391201513718045,78.17892824704812,40.04654983570646,56.36,192.76,127.57,65.2
Shahbaz Ahmed,147.2,,,602,123.61,40,,,43.695125643354515,27.799835706462204,33.36,147.2,147.2,0.0
Shakib Al Hasan,138.79,117.21,,788,124.09,52,,31.71712393566696,37.329700272479556,28.128422782037234,32.43,138.79,117.21,21.6
Shashank Singh,195.42,,,905,161.61,42,,,80.19224947017862,53.81297918948522,63.05,195.42,195.42,0.0
Shubman Gill,156.62,147.59,134.5,4586,142.29,130,38.29418045915642,67.64427625354779,50.825007568876785,40.587349397590344,51.48,156.62,134.5,22.1
T Stubbs,197.08,118.67,,980,151.47,43,,33.44370860927151,81.44868301544052,46.87157721796275,54.95,197.08,118.67,78.4
TH David,195.31,,,1133,176.48,59,,,80.10899182561307,63.99233296823657,69.63,195.31,195.31,0.0
TM Dilshan,,103.35,110.25,1138,113.69,50,22.11025093432994,15.32639545884578,,21.009036144578303,19.69,110.25,103.35,6.9
TM Head,,,178.83,1550,170.89,52,67.87907100907634,,,60.165662650602385,62.87,178.83,178.83,0.0
Tilak Varma,199.26,132.82,,1849,144.68,65,,50.177388836329214,83.09869815319406,42.22343921139101,58.92,199.26,132.82,66.4
UT Yadav,109.04,,,208,103.48,48,,,14.812291855888589,14.019715224534508,14.3,109.04,109.04,0.0
V Kohli,188.92,125.77,129.87,9326,134.94,275,35.2042178323545,41.840113528855255,75.27247956403268,35.55585980284775,51.22,188.92,125.77,63.1
V Sehwag,,172.5,144.71,2713,155.92,104,45.108115323011205,97.10264900662253,,49.91785323110622,62.39,172.5,144.71,27.8
V Shankar,165.58,115.91,,1227,129.57,63,,30.17975402081362,57.606721162579476,31.879791894852133,40.37,165.58,115.91,49.7
V Suryavanshi,,,226.96,1024,229.08,23,99.99999999999999,,,100.0,100.0,226.96,226.96,0.0
VR Iyer,,139.74,138.48,1671,141.61,62,40.950347036839275,58.360927152317885,,40.12185104052574,45.88,139.74,138.48,1.3
WP Saha,157.79,109.91,132.54,2929,127.57,143,36.98611852642817,23.084200567644274,51.710566151983045,30.510679079956176,37.97,157.79,109.91,47.9
Washington Sundar,155.84,115.05,,883,135.22,59,,29.162724692526012,50.234635180139264,35.747535596933176,38.84,155.84,115.05,40.8
Y Venugopal Rao,153.41,107.19,,980,117.79,52,,19.86754966887416,48.39539812291855,23.815717415115003,31.23,153.41,107.19,46.2
YBK Jaiswal,,137.96,158.56,2581,152.54,82,54.35130806193273,56.25591296121098,,47.60405257393208,52.56,158.56,137.96,20.6
YK Pathan,161.06,133.62,148.15,3210,143.75,153,47.40389749065669,51.12346263008516,54.185588858613386,41.586801752464396,50.89,161.06,133.62,27.4
Yuvraj Singh,180.97,115.33,,2742,129.65,126,,29.493850520340573,69.2552225249773,31.93455640744797,44.26,180.97,115.33,65.6
