venue,phase,runs_c,balls,run_rate,boundary_rate,wickets,pitch_type
Arun Jaitley Stadium,Death,1173,741,9.5,19.7,58,"🏏 Batting Paradise (Fast outfield, small boundaries)"
Arun Jaitley Stadium,Middle,1842,1494,7.4,13.25,71,"🏏 Batting Paradise (Fast outfield, small boundaries)"
Arun Jaitley Stadium,Powerplay,1411,1020,8.3,21.67,41,"🏏 Batting Paradise (Fast outfield, small boundaries)"
"Arun Jaitley Stadium, Delhi",Death,2790,1576,10.62,24.56,124,"🏏 Batting Paradise (Fast outfield, small boundaries)"
"Arun Jaitley Stadium, Delhi",Middle,4596,3185,8.66,17.65,138,"🏏 Batting Paradise (Fast outfield, small boundaries)"
"Arun Jaitley Stadium, Delhi",Powerplay,3418,2169,9.46,26.88,84,"🏏 Batting Paradise (Fast outfield, small boundaries)"
Barabati Stadium,Death,672,394,10.23,21.32,33,"🌀 Slower Pitch (Spinner friendly, low bounce)"
Barabati Stadium,Middle,960,756,7.62,13.36,27,"🌀 Slower Pitch (Spinner friendly, low bounce)"
Barabati Stadium,Powerplay,590,504,7.02,19.05,20,"🌀 Slower Pitch (Spinner friendly, low bounce)"
"Barsapara Cricket Stadium, Guwahati",Death,556,354,9.42,19.21,25,"🏏 Batting Paradise (Fast outfield, small boundaries)"
"Barsapara Cricket Stadium, Guwahati",Middle,1057,799,7.94,14.89,47,"🏏 Batting Paradise (Fast outfield, small boundaries)"
"Barsapara Cricket Stadium, Guwahati",Powerplay,912,576,9.5,27.08,28,"🏏 Batting Paradise (Fast outfield, small boundaries)"
"Bharat Ratna Shri Atal Bihari Vajpayee Ekana Cricket Stadium, Lucknow",Death,2376,1472,9.68,20.79,120,"🏏 Batting Paradise (Fast outfield, small boundaries)"
"Bharat Ratna Shri Atal Bihari Vajpayee Ekana Cricket Stadium, Lucknow",Middle,4101,3078,7.99,15.4,142,"🏏 Batting Paradise (Fast outfield, small boundaries)"
"Bharat Ratna Shri Atal Bihari Vajpayee Ekana Cricket Stadium, Lucknow",Powerplay,2867,2056,8.37,21.69,83,"🏏 Batting Paradise (Fast outfield, small boundaries)"
Brabourne Stadium,Death,984,565,10.45,22.3,50,⚖️ Balanced Pitch (Standard bounce & boundaries)
Brabourne Stadium,Middle,1390,1080,7.72,13.8,51,⚖️ Balanced Pitch (Standard bounce & boundaries)
Brabourne Stadium,Powerplay,964,720,8.03,21.67,19,⚖️ Balanced Pitch (Standard bounce & boundaries)
"Brabourne Stadium, Mumbai",Death,1447,884,9.82,22.29,80,"🏏 Batting Paradise (Fast outfield, small boundaries)"
"Brabourne Stadium, Mumbai",Middle,2427,1767,8.24,16.24,82,"🏏 Batting Paradise (Fast outfield, small boundaries)"
"Brabourne Stadium, Mumbai",Powerplay,1714,1224,8.4,23.69,48,"🏏 Batting Paradise (Fast outfield, small boundaries)"
Buffalo Park,Death,226,143,9.48,20.98,13,"🌀 Slower Pitch (Spinner friendly, low bounce)"
Buffalo Park,Middle,314,322,5.85,7.76,15,"🌀 Slower Pitch (Spinner friendly, low bounce)"
Buffalo Park,Powerplay,219,216,6.08,12.96,10,"🌀 Slower Pitch (Spinner friendly, low bounce)"
De Beers Diamond Oval,Death,271,166,9.8,18.07,13,"🌀 Slower Pitch (Spinner friendly, low bounce)"
De Beers Diamond Oval,Middle,370,324,6.85,10.49,15,"🌀 Slower Pitch (Spinner friendly, low bounce)"
De Beers Diamond Oval,Powerplay,231,216,6.42,14.81,10,"🌀 Slower Pitch (Spinner friendly, low bounce)"
Dr DY Patil Sports Academy,Death,1177,807,8.75,16.98,70,"🌀 Slower Pitch (Spinner friendly, low bounce)"
Dr DY Patil Sports Academy,Middle,2050,1801,6.83,12.1,88,"🌀 Slower Pitch (Spinner friendly, low bounce)"
Dr DY Patil Sports Academy,Powerplay,1361,1223,6.68,16.84,57,"🌀 Slower Pitch (Spinner friendly, low bounce)"
"Dr DY Patil Sports Academy, Mumbai",Death,1718,1087,9.48,21.07,101,⚖️ Balanced Pitch (Standard bounce & boundaries)
"Dr DY Patil Sports Academy, Mumbai",Middle,2796,2160,7.77,14.26,87,⚖️ Balanced Pitch (Standard bounce & boundaries)
"Dr DY Patil Sports Academy, Mumbai",Powerplay,1751,1440,7.3,18.4,65,⚖️ Balanced Pitch (Standard bounce & boundaries)
Dr. Y.S. Rajasekhara Reddy ACA-VDCA Cricket Stadium,Death,1038,652,9.55,20.55,65,"🌀 Slower Pitch (Spinner friendly, low bounce)"
Dr. Y.S. Rajasekhara Reddy ACA-VDCA Cricket Stadium,Middle,1573,1362,6.93,11.67,63,"🌀 Slower Pitch (Spinner friendly, low bounce)"
Dr. Y.S. Rajasekhara Reddy ACA-VDCA Cricket Stadium,Powerplay,1033,936,6.62,16.13,33,"🌀 Slower Pitch (Spinner friendly, low bounce)"
"Dr. Y.S. Rajasekhara Reddy ACA-VDCA Cricket Stadium, Visakhapatnam",Death,314,189,9.97,23.28,19,"🏏 Batting Paradise (Fast outfield, small boundaries)"
"Dr. Y.S. Rajasekhara Reddy ACA-VDCA Cricket Stadium, Visakhapatnam",Middle,718,432,9.97,22.22,23,"🏏 Batting Paradise (Fast outfield, small boundaries)"
"Dr. Y.S. Rajasekhara Reddy ACA-VDCA Cricket Stadium, Visakhapatnam",Powerplay,439,288,9.15,25.0,16,"🏏 Batting Paradise (Fast outfield, small boundaries)"
Dubai International Cricket Stadium,Death,3907,2513,9.33,19.06,201,⚖️ Balanced Pitch (Standard bounce & boundaries)
Dubai International Cricket Stadium,Middle,5958,4952,7.22,12.1,203,⚖️ Balanced Pitch (Standard bounce & boundaries)
Dubai International Cricket Stadium,Powerplay,4053,3351,7.26,17.88,140,⚖️ Balanced Pitch (Standard bounce & boundaries)
Eden Gardens,Death,5955,3815,9.37,20.1,298,⚖️ Balanced Pitch (Standard bounce & boundaries)
Eden Gardens,Middle,10107,8074,7.51,14.28,359,⚖️ Balanced Pitch (Standard bounce & boundaries)
Eden Gardens,Powerplay,6846,5538,7.42,20.08,216,⚖️ Balanced Pitch (Standard bounce & boundaries)
"Eden Gardens, Kolkata",Death,2707,1462,11.11,27.63,111,"🏏 Batting Paradise (Fast outfield, small boundaries)"
"Eden Gardens, Kolkata",Middle,4356,3067,8.52,17.57,147,"🏏 Batting Paradise (Fast outfield, small boundaries)"
"Eden Gardens, Kolkata",Powerplay,3269,2080,9.43,26.15,90,"🏏 Batting Paradise (Fast outfield, small boundaries)"
Feroz Shah Kotla,Death,4528,2985,9.1,18.96,255,⚖️ Balanced Pitch (Standard bounce & boundaries)
Feroz Shah Kotla,Middle,7860,6216,7.59,13.96,257,⚖️ Balanced Pitch (Standard bounce & boundaries)
Feroz Shah Kotla,Powerplay,5396,4274,7.58,19.93,182,⚖️ Balanced Pitch (Standard bounce & boundaries)
Green Park,Death,278,180,9.27,21.67,16,"🏏 Batting Paradise (Fast outfield, small boundaries)"
Green Park,Middle,553,423,7.84,17.02,18,"🏏 Batting Paradise (Fast outfield, small boundaries)"
Green Park,Powerplay,425,288,8.85,26.04,15,"🏏 Batting Paradise (Fast outfield, small boundaries)"
Himachal Pradesh Cricket Association Stadium,Death,822,473,10.43,24.95,41,"🏏 Batting Paradise (Fast outfield, small boundaries)"
Himachal Pradesh Cricket Association Stadium,Middle,1297,972,8.01,17.49,38,"🏏 Batting Paradise (Fast outfield, small boundaries)"
Himachal Pradesh Cricket Association Stadium,Powerplay,687,648,6.36,18.21,24,"🏏 Batting Paradise (Fast outfield, small boundaries)"
"Himachal Pradesh Cricket Association Stadium, Dharamsala",Death,1040,510,12.24,30.98,39,"🏏 Batting Paradise (Fast outfield, small boundaries)"
"Himachal Pradesh Cricket Association Stadium, Dharamsala",Middle,1487,997,8.95,19.46,50,"🏏 Batting Paradise (Fast outfield, small boundaries)"
"Himachal Pradesh Cricket Association Stadium, Dharamsala",Powerplay,1058,684,9.28,26.02,31,"🏏 Batting Paradise (Fast outfield, small boundaries)"
Holkar Cricket Stadium,Death,651,358,10.91,25.14,24,"🏏 Batting Paradise (Fast outfield, small boundaries)"
Holkar Cricket Stadium,Middle,1224,882,8.33,16.67,41,"🏏 Batting Paradise (Fast outfield, small boundaries)"
Holkar Cricket Stadium,Powerplay,902,648,8.35,21.45,27,"🏏 Batting Paradise (Fast outfield, small boundaries)"
JSCA International Stadium Complex,Death,567,374,9.1,17.11,35,"🌀 Slower Pitch (Spinner friendly, low bounce)"
JSCA International Stadium Complex,Middle,916,756,7.27,11.77,24,"🌀 Slower Pitch (Spinner friendly, low bounce)"
JSCA International Stadium Complex,Powerplay,520,504,6.19,15.28,21,"🌀 Slower Pitch (Spinner friendly, low bounce)"
Kingsmead,Death,1164,844,8.27,15.52,88,"🌀 Slower Pitch (Spinner friendly, low bounce)"
Kingsmead,Middle,1681,1586,6.36,9.96,69,"🌀 Slower Pitch (Spinner friendly, low bounce)"
Kingsmead,Powerplay,1310,1080,7.28,18.52,44,"🌀 Slower Pitch (Spinner friendly, low bounce)"
M Chinnaswamy Stadium,Death,5234,3066,10.24,23.55,273,"🏏 Batting Paradise (Fast outfield, small boundaries)"
M Chinnaswamy Stadium,Middle,8675,6623,7.86,15.42,280,"🏏 Batting Paradise (Fast outfield, small boundaries)"
M Chinnaswamy Stadium,Powerplay,5545,4623,7.2,18.34,188,"🏏 Batting Paradise (Fast outfield, small boundaries)"
"M Chinnaswamy Stadium, Bengaluru",Death,2091,1199,10.46,24.02,104,"🏏 Batting Paradise (Fast outfield, small boundaries)"
"M Chinnaswamy Stadium, Bengaluru",Middle,3942,2561,9.24,19.33,118,"🏏 Batting Paradise (Fast outfield, small boundaries)"
"M Chinnaswamy Stadium, Bengaluru",Powerplay,2576,1728,8.94,23.32,75,"🏏 Batting Paradise (Fast outfield, small boundaries)"
M.Chinnaswamy Stadium,Death,1442,798,10.84,24.06,70,"🏏 Batting Paradise (Fast outfield, small boundaries)"
M.Chinnaswamy Stadium,Middle,2070,1512,8.21,15.48,60,"🏏 Batting Paradise (Fast outfield, small boundaries)"
M.Chinnaswamy Stadium,Powerplay,1438,1058,8.16,22.12,49,"🏏 Batting Paradise (Fast outfield, small boundaries)"
MA Chidambaram Stadium,Death,678,446,9.12,17.71,26,"🌀 Slower Pitch (Spinner friendly, low bounce)"
MA Chidambaram Stadium,Middle,1025,972,6.33,9.98,40,"🌀 Slower Pitch (Spinner friendly, low bounce)"
MA Chidambaram Stadium,Powerplay,759,648,7.03,17.59,34,"🌀 Slower Pitch (Spinner friendly, low bounce)"
"MA Chidambaram Stadium, Chepauk",Death,4078,2711,9.03,17.37,233,⚖️ Balanced Pitch (Standard bounce & boundaries)
"MA Chidambaram Stadium, Chepauk",Middle,6242,5175,7.24,11.98,207,⚖️ Balanced Pitch (Standard bounce & boundaries)
"MA Chidambaram Stadium, Chepauk",Powerplay,4353,3465,7.54,18.96,123,⚖️ Balanced Pitch (Standard bounce & boundaries)
"MA Chidambaram Stadium, Chepauk, Chennai",Death,3269,2184,8.98,18.91,197,"🏏 Batting Paradise (Fast outfield, small boundaries)"
"MA Chidambaram Stadium, Chepauk, Chennai",Middle,5345,4372,7.34,12.24,208,"🏏 Batting Paradise (Fast outfield, small boundaries)"
"MA Chidambaram Stadium, Chepauk, Chennai",Powerplay,4161,2964,8.42,22.0,111,"🏏 Batting Paradise (Fast outfield, small boundaries)"
"Maharaja Yadavindra Singh International Cricket Stadium, Mullanpur",Death,766,462,9.95,20.35,45,⚖️ Balanced Pitch (Standard bounce & boundaries)
"Maharaja Yadavindra Singh International Cricket Stadium, Mullanpur",Middle,1319,1045,7.57,13.97,63,⚖️ Balanced Pitch (Standard bounce & boundaries)
"Maharaja Yadavindra Singh International Cricket Stadium, Mullanpur",Powerplay,983,720,8.19,21.53,36,⚖️ Balanced Pitch (Standard bounce & boundaries)
"Maharaja Yadavindra Singh International Cricket Stadium, New Chandigarh",Death,684,392,10.47,24.23,29,"🏏 Batting Paradise (Fast outfield, small boundaries)"
"Maharaja Yadavindra Singh International Cricket Stadium, New Chandigarh",Middle,1214,756,9.63,19.71,39,"🏏 Batting Paradise (Fast outfield, small boundaries)"
"Maharaja Yadavindra Singh International Cricket Stadium, New Chandigarh",Powerplay,979,504,11.65,32.94,13,"🏏 Batting Paradise (Fast outfield, small boundaries)"
Maharashtra Cricket Association Stadium,Death,1907,1154,9.92,20.8,95,⚖️ Balanced Pitch (Standard bounce & boundaries)
Maharashtra Cricket Association Stadium,Middle,2879,2358,7.33,12.34,93,⚖️ Balanced Pitch (Standard bounce & boundaries)
Maharashtra Cricket Association Stadium,Powerplay,1998,1584,7.57,19.19,70,⚖️ Balanced Pitch (Standard bounce & boundaries)
"Maharashtra Cricket Association Stadium, Pune",Death,1119,683,9.83,21.38,59,"🌀 Slower Pitch (Spinner friendly, low bounce)"
"Maharashtra Cricket Association Stadium, Pune",Middle,1792,1394,7.71,14.71,80,"🌀 Slower Pitch (Spinner friendly, low bounce)"
"Maharashtra Cricket Association Stadium, Pune",Powerplay,1069,936,6.85,16.03,36,"🌀 Slower Pitch (Spinner friendly, low bounce)"
"Narendra Modi Stadium, Ahmedabad",Death,3510,2069,10.18,22.09,185,"🏏 Batting Paradise (Fast outfield, small boundaries)"
"Narendra Modi Stadium, Ahmedabad",Middle,6260,4374,8.59,16.9,202,"🏏 Batting Paradise (Fast outfield, small boundaries)"
"Narendra Modi Stadium, Ahmedabad",Powerplay,4185,2952,8.51,22.29,126,"🏏 Batting Paradise (Fast outfield, small boundaries)"
Nehru Stadium,Death,324,216,9.0,18.98,25,"🌀 Slower Pitch (Spinner friendly, low bounce)"
Nehru Stadium,Middle,612,540,6.8,11.67,17,"🌀 Slower Pitch (Spinner friendly, low bounce)"
Nehru Stadium,Powerplay,368,360,6.13,15.83,20,"🌀 Slower Pitch (Spinner friendly, low bounce)"
New Wanderers Stadium,Death,629,439,8.6,14.81,34,"🌀 Slower Pitch (Spinner friendly, low bounce)"
New Wanderers Stadium,Middle,935,864,6.49,9.14,31,"🌀 Slower Pitch (Spinner friendly, low bounce)"
New Wanderers Stadium,Powerplay,640,576,6.67,17.53,26,"🌀 Slower Pitch (Spinner friendly, low bounce)"
Newlands,Death,422,299,8.47,16.39,29,"🌀 Slower Pitch (Spinner friendly, low bounce)"
Newlands,Middle,743,673,6.62,10.85,37,"🌀 Slower Pitch (Spinner friendly, low bounce)"
Newlands,Powerplay,564,507,6.67,16.96,27,"🌀 Slower Pitch (Spinner friendly, low bounce)"
OUTsurance Oval,Death,147,115,7.67,13.04,11,"🌀 Slower Pitch (Spinner friendly, low bounce)"
OUTsurance Oval,Middle,229,216,6.36,8.33,5,"🌀 Slower Pitch (Spinner friendly, low bounce)"
OUTsurance Oval,Powerplay,120,144,5.0,11.11,9,"🌀 Slower Pitch (Spinner friendly, low bounce)"
Punjab Cricket Association IS Bindra Stadium,Death,861,552,9.36,17.75,45,"🏏 Batting Paradise (Fast outfield, small boundaries)"
Punjab Cricket Association IS Bindra Stadium,Middle,1512,1080,8.4,15.37,38,"🏏 Batting Paradise (Fast outfield, small boundaries)"
Punjab Cricket Association IS Bindra Stadium,Powerplay,1008,720,8.4,21.81,21,"🏏 Batting Paradise (Fast outfield, small boundaries)"
"Punjab Cricket Association IS Bindra Stadium, Mohali",Death,909,570,9.57,18.77,49,⚖️ Balanced Pitch (Standard bounce & boundaries)
"Punjab Cricket Association IS Bindra Stadium, Mohali",Middle,1484,1145,7.78,13.28,45,⚖️ Balanced Pitch (Standard bounce & boundaries)
"Punjab Cricket Association IS Bindra Stadium, Mohali",Powerplay,1074,792,8.14,20.71,20,⚖️ Balanced Pitch (Standard bounce & boundaries)
"Punjab Cricket Association IS Bindra Stadium, Mohali, Chandigarh",Death,436,257,10.18,20.62,24,"🏏 Batting Paradise (Fast outfield, small boundaries)"
"Punjab Cricket Association IS Bindra Stadium, Mohali, Chandigarh",Middle,805,540,8.94,18.7,18,"🏏 Batting Paradise (Fast outfield, small boundaries)"
"Punjab Cricket Association IS Bindra Stadium, Mohali, Chandigarh",Powerplay,529,360,8.82,24.72,18,"🏏 Batting Paradise (Fast outfield, small boundaries)"
"Punjab Cricket Association Stadium, Mohali",Death,2828,1794,9.46,19.34,146,⚖️ Balanced Pitch (Standard bounce & boundaries)
"Punjab Cricket Association Stadium, Mohali",Middle,4644,3700,7.53,13.19,159,⚖️ Balanced Pitch (Standard bounce & boundaries)
"Punjab Cricket Association Stadium, Mohali",Powerplay,3182,2520,7.58,20.2,103,⚖️ Balanced Pitch (Standard bounce & boundaries)
Rajiv Gandhi International Stadium,Death,1108,791,8.4,16.69,88,⚖️ Balanced Pitch (Standard bounce & boundaries)
Rajiv Gandhi International Stadium,Middle,1917,1621,7.1,11.66,67,⚖️ Balanced Pitch (Standard bounce & boundaries)
Rajiv Gandhi International Stadium,Powerplay,1470,1080,8.17,20.83,34,⚖️ Balanced Pitch (Standard bounce & boundaries)
"Rajiv Gandhi International Stadium, Uppal",Death,3914,2523,9.31,18.83,225,"🌀 Slower Pitch (Spinner friendly, low bounce)"
"Rajiv Gandhi International Stadium, Uppal",Middle,6294,5164,7.31,12.94,211,"🌀 Slower Pitch (Spinner friendly, low bounce)"
"Rajiv Gandhi International Stadium, Uppal",Powerplay,4150,3539,7.04,17.55,129,"🌀 Slower Pitch (Spinner friendly, low bounce)"
"Rajiv Gandhi International Stadium, Uppal, Hyderabad",Death,2302,1357,10.18,22.99,97,"🏏 Batting Paradise (Fast outfield, small boundaries)"
"Rajiv Gandhi International Stadium, Uppal, Hyderabad",Middle,4066,2722,8.96,18.26,111,"🏏 Batting Paradise (Fast outfield, small boundaries)"
"Rajiv Gandhi International Stadium, Uppal, Hyderabad",Powerplay,2859,1836,9.34,25.98,88,"🏏 Batting Paradise (Fast outfield, small boundaries)"
"Sardar Patel Stadium, Motera",Death,981,638,9.23,18.34,53,⚖️ Balanced Pitch (Standard bounce & boundaries)
"Sardar Patel Stadium, Motera",Middle,1568,1296,7.26,11.11,55,⚖️ Balanced Pitch (Standard bounce & boundaries)
"Sardar Patel Stadium, Motera",Powerplay,1112,873,7.64,19.82,35,⚖️ Balanced Pitch (Standard bounce & boundaries)
Saurashtra Cricket Association Stadium,Death,798,496,9.65,19.76,40,"🏏 Batting Paradise (Fast outfield, small boundaries)"
Saurashtra Cricket Association Stadium,Middle,1351,1078,7.52,12.71,45,"🏏 Batting Paradise (Fast outfield, small boundaries)"
Saurashtra Cricket Association Stadium,Powerplay,1085,731,8.91,23.8,23,"🏏 Batting Paradise (Fast outfield, small boundaries)"
Sawai Mansingh Stadium,Death,3578,2373,9.05,17.74,186,"🌀 Slower Pitch (Spinner friendly, low bounce)"
Sawai Mansingh Stadium,Middle,6091,5004,7.3,12.81,209,"🌀 Slower Pitch (Spinner friendly, low bounce)"
Sawai Mansingh Stadium,Powerplay,4052,3384,7.18,18.94,122,"🌀 Slower Pitch (Spinner friendly, low bounce)"
"Sawai Mansingh Stadium, Jaipur",Death,1887,1059,10.69,24.17,74,"🏏 Batting Paradise (Fast outfield, small boundaries)"
"Sawai Mansingh Stadium, Jaipur",Middle,3340,2234,8.97,17.68,90,"🏏 Batting Paradise (Fast outfield, small boundaries)"
"Sawai Mansingh Stadium, Jaipur",Powerplay,2324,1512,9.22,25.86,47,"🏏 Batting Paradise (Fast outfield, small boundaries)"
Shaheed Veer Narayan Singh International Stadium,Death,519,316,9.85,19.94,17,"🌀 Slower Pitch (Spinner friendly, low bounce)"
Shaheed Veer Narayan Singh International Stadium,Middle,740,648,6.85,11.57,25,"🌀 Slower Pitch (Spinner friendly, low bounce)"
Shaheed Veer Narayan Singh International Stadium,Powerplay,430,432,5.97,15.51,18,"🌀 Slower Pitch (Spinner friendly, low bounce)"
"Shaheed Veer Narayan Singh International Stadium, Raipur",Death,177,115,9.23,18.26,10,"🏏 Batting Paradise (Fast outfield, small boundaries)"
"Shaheed Veer Narayan Singh International Stadium, Raipur",Middle,298,216,8.28,14.81,4,"🏏 Batting Paradise (Fast outfield, small boundaries)"
"Shaheed Veer Narayan Singh International Stadium, Raipur",Powerplay,217,144,9.04,25.0,9,"🏏 Batting Paradise (Fast outfield, small boundaries)"
Sharjah Cricket Stadium,Death,2181,1464,8.94,18.37,119,⚖️ Balanced Pitch (Standard bounce & boundaries)
Sharjah Cricket Stadium,Middle,3624,2963,7.34,11.98,135,⚖️ Balanced Pitch (Standard bounce & boundaries)
Sharjah Cricket Stadium,Powerplay,2457,2016,7.31,17.66,68,⚖️ Balanced Pitch (Standard bounce & boundaries)
Sheikh Zayed Stadium,Death,2356,1491,9.48,20.32,127,"🌀 Slower Pitch (Spinner friendly, low bounce)"
Sheikh Zayed Stadium,Middle,3781,3111,7.29,11.93,110,"🌀 Slower Pitch (Spinner friendly, low bounce)"
Sheikh Zayed Stadium,Powerplay,2456,2107,6.99,17.09,92,"🌀 Slower Pitch (Spinner friendly, low bounce)"
St George's Park,Death,545,353,9.26,17.0,20,"🌀 Slower Pitch (Spinner friendly, low bounce)"
St George's Park,Middle,816,756,6.48,8.73,33,"🌀 Slower Pitch (Spinner friendly, low bounce)"
St George's Park,Powerplay,589,504,7.01,17.26,23,"🌀 Slower Pitch (Spinner friendly, low bounce)"
Subrata Roy Sahara Stadium,Death,1229,862,8.55,16.59,65,"🌀 Slower Pitch (Spinner friendly, low bounce)"
Subrata Roy Sahara Stadium,Middle,1842,1712,6.46,9.81,71,"🌀 Slower Pitch (Spinner friendly, low bounce)"
Subrata Roy Sahara Stadium,Powerplay,1304,1152,6.79,16.06,46,"🌀 Slower Pitch (Spinner friendly, low bounce)"
SuperSport Park,Death,892,591,9.06,17.77,43,"🌀 Slower Pitch (Spinner friendly, low bounce)"
SuperSport Park,Middle,1580,1297,7.31,12.64,50,"🌀 Slower Pitch (Spinner friendly, low bounce)"
SuperSport Park,Powerplay,1024,864,7.11,18.87,39,"🌀 Slower Pitch (Spinner friendly, low bounce)"
"Vidarbha Cricket Association Stadium, Jamtha",Death,197,171,6.91,11.11,25,"🌀 Slower Pitch (Spinner friendly, low bounce)"
"Vidarbha Cricket Association Stadium, Jamtha",Middle,399,324,7.39,11.73,12,"🌀 Slower Pitch (Spinner friendly, low bounce)"
"Vidarbha Cricket Association Stadium, Jamtha",Powerplay,249,216,6.92,16.2,11,"🌀 Slower Pitch (Spinner friendly, low bounce)"
Wankhede Stadium,Death,6198,3847,9.67,21.26,335,⚖️ Balanced Pitch (Standard bounce & boundaries)
Wankhede Stadium,Middle,9928,7806,7.63,14.98,337,⚖️ Balanced Pitch (Standard bounce & boundaries)
Wankhede Stadium,Powerplay,6371,5260,7.27,18.82,217,⚖️ Balanced Pitch (Standard bounce & boundaries)
"Wankhede Stadium, Mumbai",Death,5232,2995,10.48,24.41,234,"🏏 Batting Paradise (Fast outfield, small boundaries)"
"Wankhede Stadium, Mumbai",Middle,8888,6355,8.39,17.28,284,"🏏 Batting Paradise (Fast outfield, small boundaries)"
"Wankhede Stadium, Mumbai",Powerplay,5796,4248,8.19,21.89,175,"🏏 Batting Paradise (Fast outfield, small boundaries)"
"Zayed Cricket Stadium, Abu Dhabi",Death,572,394,8.71,18.78,34,⚖️ Balanced Pitch (Standard bounce & boundaries)
"Zayed Cricket Stadium, Abu Dhabi",Middle,1029,834,7.4,12.95,39,⚖️ Balanced Pitch (Standard bounce & boundaries)
"Zayed Cricket Stadium, Abu Dhabi",Powerplay,780,576,8.12,20.49,19,⚖️ Balanced Pitch (Standard bounce & boundaries)
